-- phpMyAdmin SQL Dump
-- version 5.2.1
-- https://www.phpmyadmin.net/
--
-- Host: 127.0.0.1
-- Generation Time: Oct 12, 2023 at 06:39 PM
-- Server version: 10.4.28-MariaDB
-- PHP Version: 8.2.4

SET SQL_MODE = "NO_AUTO_VALUE_ON_ZERO";
START TRANSACTION;
SET time_zone = "+00:00";


/*!40101 SET @OLD_CHARACTER_SET_CLIENT=@@CHARACTER_SET_CLIENT */;
/*!40101 SET @OLD_CHARACTER_SET_RESULTS=@@CHARACTER_SET_RESULTS */;
/*!40101 SET @OLD_COLLATION_CONNECTION=@@COLLATION_CONNECTION */;
/*!40101 SET NAMES utf8mb4 */;

--
-- Database: `pos_db`
--

-- --------------------------------------------------------

--
-- Table structure for table `products`
--

CREATE TABLE `products` (
  `id` int(11) NOT NULL,
  `barcode` varchar(15) NOT NULL,
  `description` varchar(50) NOT NULL,
  `stock` int(11) NOT NULL,
  `amount` decimal(10,2) NOT NULL DEFAULT 0.00,
  `image` varchar(500) NOT NULL,
  `user_id` varchar(60) NOT NULL,
  `date` datetime NOT NULL,
  `views` int(11) NOT NULL DEFAULT 0
) ENGINE=InnoDB DEFAULT CHARSET=utf8mb4 COLLATE=utf8mb4_general_ci;

--
-- Dumping data for table `products`
--

INSERT INTO `products` (`id`, `barcode`, `description`, `stock`, `amount`, `image`, `user_id`, `date`, `views`) VALUES
(1, '2222472108593', 'Banetti Hazir Noodle', 82, 10.95, 'uploads/019111ea60f176a07807d9be878b7b0ff5d4c52b_5812.jpg', '1', '2022-01-03 18:33:44', 40),
(3, '2222947895764', 'Crisps', 36, 4.95, 'uploads/a376a3a3f34dc21971ca40ac6dd6664585c197a6_4817.jpg', '1', '2022-01-09 08:46:29', 53),
(4, '2222881344444', 'Burger', 87, 10.00, 'uploads/c322c54a3249e75ca46347a2c4ec9385672cb8e3_5698.jpg', '1', '2022-01-09 08:47:02', 14),
(5, '1234', 'So good milk', 92, 20.00, 'uploads/e149b8702ddb43e5cda3c10803c563203b27cfc0_6896.jpg', '1', '2022-01-09 08:47:54', 22),
(6, '2222925913231', 'OMO SOFTENER', 85, 50.00, 'uploads/e80200cc753ea342725ba080f668144fe4c763b9_7977.jpg', 'Unknown', '2022-01-16 08:35:24', 53),
(8, '2222595564534', '7 UP', 46, 34.00, 'uploads/a6f424034ca00dc2c3b55761f2b1c31d689ca215_6797.jpg', '6', '2023-07-01 12:15:13', 3),
(10, '2222974243584', 'Caramel Moolatte', 24, 5.00, 'uploads/7efe697d3a3cafad54574764253c1c4e5ee3de93_3723.png', '1', '2023-07-01 12:59:42', 4),
(11, '2222123200968', 'Monster', 0, 45.00, 'uploads/40fbc31c9795970c2b93419196a07354829db713_1986.jpg', '6', '2023-07-01 16:25:41', 3),
(15, '2222135063866', 'Cola Zero in can', 25, 39.00, 'uploads/a54741bf6d71e0b52ce6cd34d0d526c6dd4e94a6_4751.jpg', '6', '2023-07-03 11:07:15', 1),
(16, '2222877211304', 'Mirinda', 29, 35.00, 'uploads/e5bc61c49ab567c8e2a921d735f77c19955571c1_5489.jpg', '6', '2023-07-03 11:08:04', 1),
(17, '2222774991043', 'Spindrift', 30, 50.00, 'uploads/5e07651f0573ad1d5851ce6ea26eae85d59b67dc_2952.jpg', '6', '2023-07-03 11:08:40', 0),
(18, '2222794658425', 'Boost Energy', 45, 50.00, 'uploads/5edd64c0e275bd3cb6e9940773da659adfb228dc_9357.jpg', '6', '2023-07-03 13:20:21', 0),
(19, '2222893703661', 'Fifa', 53, 23.00, 'uploads/product/a5ff699d375e9743390192ba1674647dfc51025d_2043.jpg', '6', '2023-07-03 14:11:53', 1);

-- --------------------------------------------------------

--
-- Table structure for table `sales`
--

CREATE TABLE `sales` (
  `id` int(11) NOT NULL,
  `barcode` varchar(15) NOT NULL,
  `receipt_no` int(11) NOT NULL,
  `description` varchar(50) NOT NULL,
  `qty` int(11) NOT NULL,
  `amount` decimal(10,2) NOT NULL,
  `total` decimal(10,2) NOT NULL,
  `date` datetime NOT NULL,
  `user_id` varchar(60) NOT NULL
) ENGINE=InnoDB DEFAULT CHARSET=utf8mb4 COLLATE=utf8mb4_general_ci;

--
-- Dumping data for table `sales`
--

INSERT INTO `sales` (`id`, `barcode`, `receipt_no`, `description`, `qty`, `amount`, `total`, `date`, `user_id`) VALUES
(1, '1234', 1, 'So good milk', 2, 20.00, 40.00, '2022-02-11 10:06:12', 'Unknown'),
(2, '2222947895764', 1, 'Crisps', 1, 4.95, 4.95, '2022-02-11 10:06:12', 'Unknown'),
(3, '2222881344444', 1, 'Burger', 1, 10.00, 10.00, '2022-02-11 10:06:12', 'Unknown'),
(4, '2222925913231', 2, 'OMO SOFTENER', 2, 50.00, 100.00, '2022-02-11 10:07:27', 'Unknown'),
(5, '1234', 2, 'So good milk', 1, 20.00, 20.00, '2022-02-11 10:07:27', 'Unknown'),
(6, '2222472108593', 2, 'Biscuits', 1, 10.95, 10.95, '2022-02-11 10:07:27', 'Unknown'),
(7, '1234', 3, 'So good milk', 1, 20.00, 20.00, '2022-02-17 19:42:00', '1'),
(8, '2222472108593', 4, 'Biscuits', 2, 10.95, 21.90, '2022-02-17 19:50:49', '1'),
(9, '2222472108593', 5, 'Biscuits', 2, 10.95, 21.90, '2022-02-17 19:52:19', '1'),
(10, '2222472108593', 6, 'Biscuits', 1, 10.95, 10.95, '2022-02-17 19:52:40', '1'),
(11, '2222925913231', 7, 'OMO SOFTENER', 1, 50.00, 50.00, '2022-02-17 19:56:02', '1'),
(12, '1234', 8, 'So good milk', 2, 20.00, 40.00, '2022-02-17 19:57:31', '1'),
(13, '1234', 9, 'So good milk', 1, 20.00, 20.00, '2022-02-17 19:57:44', '1'),
(14, '1234', 10, 'So good milk', 3, 20.00, 60.00, '2022-02-17 19:57:53', '1'),
(15, '2222472108593', 11, 'Biscuits', 2, 10.95, 21.90, '2022-03-28 19:40:38', '1'),
(17, '1234', 12, 'So good milk', 1, 20.00, 20.00, '2022-04-08 17:53:31', '1'),
(18, '2222925913231', 12, 'OMO SOFTENER', 1, 50.00, 50.00, '2022-04-08 17:53:31', '1'),
(19, '2222947895764', 12, 'Crisps', 1, 4.95, 4.95, '2022-04-08 17:53:31', '1'),
(20, '2222881344444', 12, 'Burger', 1, 10.00, 10.00, '2022-04-08 17:53:31', '1'),
(21, '2222472108593', 12, 'Biscuits', 1, 10.95, 10.95, '2022-04-08 17:53:31', '1'),
(22, '2222947895764', 13, 'Crisps', 2, 4.95, 9.90, '2022-04-08 17:53:44', '1'),
(23, '2222925913231', 13, 'OMO SOFTENER', 3, 50.00, 150.00, '2022-04-08 17:53:44', '1'),
(24, '1234', 13, 'So good milk', 2, 20.00, 40.00, '2022-04-08 17:53:44', '1'),
(25, '2222472108593', 13, 'Biscuits', 2, 10.95, 21.90, '2022-04-08 17:53:44', '1'),
(26, '2222881344444', 13, 'Burger', 1, 10.00, 10.00, '2022-04-08 17:53:44', '1'),
(27, '1234', 14, 'So good milk', 2, 20.00, 40.00, '2022-04-08 19:54:02', '1'),
(28, '2222925913231', 14, 'OMO SOFTENER', 1, 50.00, 50.00, '2022-04-08 19:54:02', '1'),
(29, '2222947895764', 14, 'Crisps', 1, 4.95, 4.95, '2022-04-08 19:54:02', '1'),
(30, '2222881344444', 14, 'Burger', 1, 10.00, 10.00, '2022-04-08 19:54:02', '1'),
(31, '2222472108593', 15, 'Biscuits', 3, 10.95, 32.85, '2022-04-08 20:21:04', '1'),
(32, '2222925913231', 15, 'OMO SOFTENER', 3, 50.00, 150.00, '2022-04-08 20:21:04', '1'),
(33, '2222947895764', 15, 'Crisps', 3, 4.95, 14.85, '2022-04-08 20:21:04', '1'),
(34, '2222881344444', 15, 'Burger', 1, 10.00, 10.00, '2022-04-08 20:21:04', '1'),
(35, '1234', 15, 'So good milk', 2, 20.00, 40.00, '2022-04-08 20:21:04', '1'),
(36, '2222925913231', 16, 'OMO SOFTENER', 1, 50.00, 50.00, '2022-04-13 20:23:09', '1'),
(37, '2222472108593', 16, 'Biscuits', 2, 10.95, 21.90, '2022-04-13 20:23:09', '1'),
(38, '1234', 16, 'So good milk', 1, 20.00, 20.00, '2022-04-13 20:23:09', '1'),
(39, '2222881344444', 16, 'Burger', 1, 10.00, 10.00, '2022-04-13 20:23:09', '1'),
(40, '2222947895764', 16, 'Crisps', 1, 4.95, 4.95, '2022-04-13 20:23:09', '1'),
(41, '2222925913231', 17, 'OMO SOFTENER', 2, 50.00, 100.00, '2022-04-14 13:21:19', '1'),
(42, '2222947895764', 17, 'Crisps', 1, 4.95, 4.95, '2022-04-14 13:21:19', '1'),
(43, '2222472108593', 17, 'Biscuits', 1, 10.95, 10.95, '2022-04-14 13:21:19', '1'),
(44, '2222881344444', 17, 'Burger', 1, 10.00, 10.00, '2022-04-14 13:21:19', '1'),
(45, '2222925913231', 18, 'OMO SOFTENER', 1, 50.00, 50.00, '2022-04-14 13:34:16', '1'),
(46, '1234', 18, 'So good milk', 1, 20.00, 20.00, '2022-04-14 13:34:16', '1'),
(47, '2222472108593', 19, 'Biscuits', 1, 10.95, 10.95, '2022-04-14 13:54:49', '1'),
(48, '2222947895764', 19, 'Crisps', 1, 4.95, 4.95, '2022-04-14 13:54:49', '1'),
(49, '2222925913231', 19, 'OMO SOFTENER', 1, 50.00, 50.00, '2022-04-14 13:54:49', '1'),
(50, '2222947895764', 20, 'Crisps', 1, 4.95, 4.95, '2022-04-14 14:03:27', '1'),
(51, '1234', 20, 'So good milk', 1, 20.00, 20.00, '2022-04-14 14:03:27', '1'),
(52, '2222472108593', 20, 'Biscuits', 1, 10.95, 10.95, '2022-04-14 14:03:27', '1'),
(53, '2222925913231', 21, 'OMO SOFTENER', 2, 50.00, 100.00, '2022-04-14 14:13:38', '1'),
(54, '2222472108593', 21, 'Biscuits', 1, 10.95, 10.95, '2022-04-14 14:13:38', '1'),
(55, '2222881344444', 21, 'Burger', 1, 10.00, 10.00, '2022-04-14 14:13:38', '1'),
(56, '2222947895764', 21, 'Crisps', 1, 4.95, 4.95, '2022-04-14 14:13:38', '1'),
(57, '1234', 21, 'So good milk', 1, 20.00, 20.00, '2022-04-14 14:13:38', '1'),
(58, '2222472108593', 22, 'Biscuits', 1, 10.95, 10.95, '2022-04-14 14:18:35', '1'),
(59, '1234', 22, 'So good milk', 2, 20.00, 40.00, '2022-04-14 14:18:35', '1'),
(60, '2222925913231', 22, 'OMO SOFTENER', 2, 50.00, 100.00, '2022-04-14 14:18:35', '1'),
(61, '2222947895764', 22, 'Crisps', 1, 4.95, 4.95, '2022-04-14 14:18:35', '1'),
(62, '1234', 23, 'So good milk', 2, 20.00, 40.00, '2022-04-14 14:20:16', '1'),
(63, '2222881344444', 23, 'Burger', 1, 10.00, 10.00, '2022-04-14 14:20:16', '1'),
(64, '2222472108593', 23, 'Biscuits', 1, 10.95, 10.95, '2022-04-14 14:20:16', '1'),
(65, '2222947895764', 24, 'Crisps', 2, 4.95, 9.90, '2022-04-14 14:21:37', '1'),
(66, '2222925913231', 24, 'OMO SOFTENER', 1, 50.00, 50.00, '2022-04-14 14:21:37', '1'),
(67, '2222947895764', 25, 'Crisps', 2, 4.95, 9.90, '2022-04-14 14:24:55', '1'),
(68, '2222925913231', 25, 'OMO SOFTENER', 2, 50.00, 100.00, '2022-04-14 14:24:55', '1'),
(69, '1234', 25, 'So good milk', 1, 20.00, 20.00, '2022-04-14 14:24:55', '1'),
(70, '2222947895764', 26, 'Crisps', 2, 4.95, 9.90, '2022-04-14 14:26:41', '1'),
(71, '2222472108593', 26, 'Biscuits', 1, 10.95, 10.95, '2022-04-14 14:26:41', '1'),
(72, '2222947895764', 27, 'Crisps', 1, 4.95, 4.95, '2022-04-14 14:27:12', '1'),
(73, '2222925913231', 27, 'OMO SOFTENER', 1, 50.00, 50.00, '2022-04-14 14:27:12', '1'),
(74, '2222881344444', 28, 'Burger', 2, 10.00, 20.00, '2022-04-28 13:25:08', '1'),
(75, '2222472108593', 29, 'Biscuits', 2, 10.95, 21.90, '2022-05-01 07:05:09', '1'),
(76, '2222947895764', 29, 'Crisps', 2, 4.95, 9.90, '2022-05-01 07:05:09', '1'),
(77, '2222925913231', 30, 'OMO SOFTENER', 2, 50.00, 100.00, '2022-05-01 07:08:47', '1'),
(78, '2222947895764', 30, 'Crisps', 2, 4.95, 9.90, '2022-05-01 07:08:47', '1'),
(79, '2222925913231', 31, 'OMO SOFTENER', 1, 50.00, 50.00, '2022-05-01 07:30:34', '1'),
(80, '2222472108593', 31, 'Biscuits', 1, 10.95, 10.95, '2022-05-01 07:30:34', '1'),
(81, '1234', 31, 'So good milk', 1, 20.00, 20.00, '2022-05-01 07:30:34', '1'),
(82, '2222472108593', 32, 'Biscuits', 1, 10.95, 10.95, '2022-05-01 07:32:02', '1'),
(83, '2222947895764', 32, 'Crisps', 1, 4.95, 4.95, '2022-05-01 07:32:02', '1'),
(84, '1234', 32, 'So good milk', 1, 20.00, 20.00, '2022-05-01 07:32:02', '1'),
(85, '2222925913231', 33, 'OMO SOFTENER', 2, 50.00, 100.00, '2022-05-01 07:32:43', '1'),
(86, '2222947895764', 33, 'Crisps', 1, 4.95, 4.95, '2022-05-01 07:32:43', '1'),
(87, '2222925913231', 34, 'OMO SOFTENER', 1, 50.00, 50.00, '2022-05-01 07:33:35', '1'),
(88, '2222472108593', 34, 'Biscuits', 2, 10.95, 21.90, '2022-05-01 07:33:35', '1'),
(89, '2222472108593', 35, 'Biscuits', 2, 10.95, 21.90, '2022-05-01 07:34:37', '1'),
(90, '2222947895764', 35, 'Crisps', 2, 4.95, 9.90, '2022-05-01 07:34:37', '1'),
(91, '2222947895764', 36, 'Crisps', 1, 4.95, 4.95, '2022-05-01 07:34:59', '1'),
(92, '2222925913231', 36, 'OMO SOFTENER', 2, 50.00, 100.00, '2022-05-01 07:34:59', '1'),
(93, '2222925913231', 37, 'OMO SOFTENER', 2, 50.00, 100.00, '2022-05-01 07:36:23', '1'),
(94, '2222472108593', 37, 'Biscuits', 1, 10.95, 10.95, '2022-05-01 07:36:23', '1'),
(95, '2222472108593', 38, 'Biscuits', 1, 10.95, 10.95, '2022-05-01 07:47:26', '1'),
(96, '2222947895764', 38, 'Crisps', 1, 4.95, 4.95, '2022-05-01 07:47:26', '1'),
(97, '2222947895764', 39, 'Crisps', 1, 4.95, 4.95, '2022-05-01 07:48:03', '1'),
(98, '2222925913231', 39, 'OMO SOFTENER', 1, 50.00, 50.00, '2022-05-01 07:48:03', '1'),
(99, '2222472108593', 40, 'Biscuits', 1, 10.95, 10.95, '2022-05-01 07:48:20', '1'),
(100, '2222925913231', 40, 'OMO SOFTENER', 1, 50.00, 50.00, '2022-05-01 07:48:20', '1'),
(101, '2222472108593', 41, 'Biscuits', 1, 10.95, 10.95, '2022-05-01 07:53:54', '1'),
(102, '2222947895764', 41, 'Crisps', 1, 4.95, 4.95, '2022-05-01 07:53:54', '1'),
(103, '2222925913231', 42, 'OMO SOFTENER', 1, 50.00, 50.00, '2022-05-01 07:57:35', '1'),
(104, '2222947895764', 42, 'Crisps', 1, 4.95, 4.95, '2022-05-01 07:57:35', '1'),
(105, '2222925913231', 43, 'OMO SOFTENER', 1, 50.00, 50.00, '2022-05-01 07:58:31', '1'),
(106, '2222472108593', 43, 'Biscuits', 1, 10.95, 10.95, '2022-05-01 07:58:31', '1'),
(107, '2222472108593', 44, 'Biscuits', 1, 10.95, 10.95, '2022-05-01 07:59:54', '1'),
(108, '2222947895764', 44, 'Crisps', 1, 4.95, 4.95, '2022-05-01 07:59:54', '1'),
(109, '2222947895764', 45, 'Crisps', 1, 4.95, 4.95, '2022-05-01 08:00:08', '1'),
(110, '2222925913231', 45, 'OMO SOFTENER', 1, 50.00, 50.00, '2022-05-01 08:00:08', '1'),
(111, '2222925913231', 46, 'OMO SOFTENER', 1, 50.00, 50.00, '2022-05-01 08:00:42', '1'),
(112, '2222472108593', 46, 'Biscuits', 1, 10.95, 10.95, '2022-05-01 08:00:42', '1'),
(113, '2222472108593', 47, 'Biscuits', 1, 10.95, 10.95, '2022-05-01 08:01:17', '1'),
(114, '2222947895764', 47, 'Crisps', 1, 4.95, 4.95, '2022-05-01 08:01:17', '1'),
(115, '2222947895764', 48, 'Crisps', 1, 4.95, 4.95, '2022-05-01 08:03:37', '1'),
(116, '2222925913231', 48, 'OMO SOFTENER', 1, 50.00, 50.00, '2022-05-01 08:03:37', '1'),
(117, '2222472108593', 49, 'Biscuits', 1, 10.95, 10.95, '2022-05-01 08:04:25', '1'),
(118, '1234', 49, 'So good milk', 1, 20.00, 20.00, '2022-05-01 08:04:25', '1'),
(119, '2222947895764', 50, 'Crisps', 1, 4.95, 4.95, '2022-05-01 08:05:08', '1'),
(120, '2222925913231', 50, 'OMO SOFTENER', 1, 50.00, 50.00, '2022-05-01 08:05:08', '1'),
(121, '2222947895764', 51, 'Crisps', 1, 4.95, 4.95, '2022-05-01 08:06:14', '1'),
(122, '2222925913231', 51, 'OMO SOFTENER', 1, 50.00, 50.00, '2022-05-01 08:06:14', '1'),
(123, '2222925913231', 52, 'OMO SOFTENER', 1, 50.00, 50.00, '2022-05-01 08:07:20', '1'),
(124, '2222472108593', 52, 'Biscuits', 1, 10.95, 10.95, '2022-05-01 08:07:20', '1'),
(125, '2222947895764', 53, 'Crisps', 1, 4.95, 4.95, '2022-05-01 08:08:09', '1'),
(126, '2222925913231', 53, 'OMO SOFTENER', 1, 50.00, 50.00, '2022-05-01 08:08:09', '1'),
(127, '2222947895764', 54, 'Crisps', 1, 4.95, 4.95, '2022-05-01 08:08:35', '1'),
(128, '2222947895764', 55, 'Crisps', 1, 4.95, 4.95, '2022-05-01 08:09:39', '1'),
(129, '2222925913231', 55, 'OMO SOFTENER', 1, 50.00, 50.00, '2022-05-01 08:09:39', '1'),
(130, '2222881344444', 56, 'Burger', 1, 10.00, 10.00, '2022-05-01 08:10:25', '1'),
(131, '2222947895764', 57, 'Crisps', 1, 4.95, 4.95, '2022-05-01 08:10:49', '1'),
(132, '2222947895764', 58, 'Crisps', 1, 4.95, 4.95, '2022-05-01 08:10:59', '1'),
(133, '2222947895764', 59, 'Crisps', 1, 4.95, 4.95, '2022-05-01 08:11:16', '1'),
(134, '2222947895764', 60, 'Crisps', 1, 4.95, 4.95, '2022-05-01 06:14:54', '1'),
(135, '2222925913231', 60, 'OMO SOFTENER', 1, 50.00, 50.00, '2022-05-01 06:14:54', '1'),
(136, '2222925913231', 61, 'OMO SOFTENER', 1, 50.00, 50.00, '2022-05-01 06:15:36', '1'),
(137, '2222472108593', 62, 'Biscuits', 1, 10.95, 10.95, '2022-05-01 06:17:05', '1'),
(138, '2222947895764', 63, 'Crisps', 2, 4.95, 9.90, '2022-05-01 08:32:11', '1'),
(139, '2222925913231', 63, 'OMO SOFTENER', 2, 50.00, 100.00, '2022-05-01 08:32:11', '1'),
(140, '2222947895764', 64, 'Crisps', 1, 4.95, 4.95, '2022-05-01 08:33:10', '1'),
(141, '2222925913231', 64, 'OMO SOFTENER', 1, 50.00, 50.00, '2022-05-01 08:33:10', '1'),
(142, '2222925913231', 65, 'OMO SOFTENER', 2, 50.00, 100.00, '2022-05-01 08:33:38', '1'),
(143, '2222947895764', 65, 'Crisps', 1, 4.95, 4.95, '2022-05-01 08:33:38', '1'),
(144, '2222925913231', 66, 'OMO SOFTENER', 1, 50.00, 50.00, '2022-05-01 08:33:55', '1'),
(145, '2222947895764', 67, 'Crisps', 1, 4.95, 4.95, '2022-05-01 08:34:29', '1'),
(146, '2222925913231', 67, 'OMO SOFTENER', 1, 50.00, 50.00, '2022-05-01 08:34:29', '1'),
(147, '2222947895764', 68, 'Crisps', 1, 4.95, 4.95, '2022-05-01 08:36:02', '1'),
(148, '2222947895764', 69, 'Crisps', 1, 4.95, 4.95, '2022-05-01 08:36:38', '1'),
(149, '2222947895764', 70, 'Crisps', 1, 4.95, 4.95, '2022-05-01 06:37:38', '1'),
(150, '2222925913231', 70, 'OMO SOFTENER', 1, 50.00, 50.00, '2022-05-01 06:37:38', '1'),
(151, '2222925913231', 71, 'OMO SOFTENER', 1, 50.00, 50.00, '2022-05-01 06:38:57', '1'),
(152, '2222925913231', 72, 'OMO SOFTENER', 1, 50.00, 50.00, '2022-05-01 06:46:31', '1'),
(153, '2222472108593', 72, 'Biscuits', 1, 10.95, 10.95, '2022-05-01 06:46:31', '1'),
(154, '2222947895764', 73, 'Crisps', 2, 4.95, 9.90, '2023-07-01 10:13:55', '1'),
(155, '2222925913231', 73, 'OMO SOFTENER', 1, 50.00, 50.00, '2023-07-01 10:13:55', '1'),
(156, '2222974243584', 74, 'Caramel Moolatte', 5, 5.00, 25.00, '2023-07-01 13:00:21', '1'),
(157, '2222595564534', 75, '7UP', 1, 8.00, 8.00, '2023-07-01 13:30:06', '1'),
(158, '2222974243584', 75, 'Caramel Moolatte', 1, 5.00, 5.00, '2023-07-01 13:30:06', '1'),
(159, '2222881344444', 75, 'Burger', 1, 10.00, 10.00, '2023-07-01 13:30:06', '1'),
(160, '2222947895764', 75, 'Crisps', 1, 4.95, 4.95, '2023-07-01 13:30:06', '1'),
(161, '2222925913231', 75, 'OMO SOFTENER', 1, 50.00, 50.00, '2023-07-01 13:30:06', '1'),
(162, '2222472108593', 75, 'Biscuits', 1, 10.95, 10.95, '2023-07-01 13:30:06', '1'),
(163, '1234', 75, 'So good milk', 1, 20.00, 20.00, '2023-07-01 13:30:06', '1'),
(164, '2222974243584', 76, 'Caramel Moolatte', 4, 5.00, 20.00, '2023-07-01 13:31:43', '1'),
(165, '2222947895764', 77, 'Crisps', 2, 4.95, 9.90, '2023-07-01 14:23:03', '6'),
(166, '2222925913231', 77, 'OMO SOFTENER', 3, 50.00, 150.00, '2023-07-01 14:23:03', '6'),
(167, '2222947895764', 78, 'Crisps', 1, 4.95, 4.95, '2023-07-01 14:24:07', '6'),
(168, '2222925913231', 78, 'OMO SOFTENER', 1, 50.00, 50.00, '2023-07-01 14:24:07', '6'),
(169, '2222947895764', 79, 'Crisps', 4, 4.95, 19.80, '2023-07-01 14:26:35', '6'),
(170, '1234', 79, 'So good milk', 3, 20.00, 60.00, '2023-07-01 14:26:35', '6'),
(171, '2222947895764', 80, 'Crisps', 1, 4.95, 4.95, '2023-07-01 14:28:05', '6'),
(172, '2222925913231', 80, 'OMO SOFTENER', 2, 50.00, 100.00, '2023-07-01 14:28:05', '6'),
(173, '2222472108593', 80, 'Biscuits', 2, 10.95, 21.90, '2023-07-01 14:28:05', '6'),
(174, '2222947895764', 81, 'Crisps', 95, 4.95, 10000.25, '2018-07-18 16:12:10', '6'),
(175, '2222595564534', 82, '7UP', 49, 8.00, 50000.00, '2021-07-09 16:22:28', '7'),
(179, '1234', 83, 'So good milk', 1, 20.00, 20.00, '2023-07-02 19:34:47', '6'),
(180, '2222472108593', 83, 'Biscuits', 1, 10.95, 10.95, '2023-07-02 19:34:47', '6'),
(181, '2222518247981', 84, 'Klee', 1, 38465.00, 38465.00, '2024-07-10 19:40:57', '6'),
(182, '2222881344444', 85, 'Burger', 4, 10.00, 40.00, '2023-07-02 19:52:53', '6'),
(183, '1234', 85, 'So good milk', 2, 20.00, 40.00, '2023-07-02 19:52:53', '6'),
(184, '2222472108593', 85, 'Biscuits', 2, 10.95, 21.90, '2023-07-02 19:52:53', '6'),
(185, '2222595564534', 85, '7 UP', 4, 34.00, 136.00, '2023-07-02 19:52:53', '6'),
(186, '2222472108593', 86, 'Biscuits', 5, 10.95, 54.75, '2023-07-02 19:55:28', '8'),
(187, '2222315079475', 87, '2D kun', 2, 45.00, 90.00, '2023-07-03 10:03:27', '6'),
(188, '2222315079475', 88, '2D kun', 2, 45.00, 90.00, '2023-07-03 10:04:19', '6'),
(189, '2222925913231', 89, 'OMO SOFTENER', 3, 50.00, 150.00, '2023-07-03 10:04:39', '6'),
(190, '2222472108593', 89, 'Biscuits', 4, 10.95, 43.80, '2023-07-03 10:04:39', '6'),
(191, '2222947895764', 90, 'Crisps', 5, 4.95, 24.75, '2023-07-03 16:47:00', '1'),
(192, '2222881344444', 90, 'Burger', 2, 10.00, 20.00, '2023-07-03 16:47:00', '1'),
(193, '2222877211304', 90, 'Mirinda', 1, 35.00, 35.00, '2023-07-03 16:47:00', '1'),
(194, '2222123200968', 90, 'Monster', 10, 45.00, 450.00, '2023-07-03 16:47:00', '1'),
(195, '2222974243584', 91, 'Caramel Moolatte', 1, 5.00, 5.00, '2023-07-06 03:21:34', '9'),
(196, '2222123200968', 91, 'Monster', 1, 45.00, 45.00, '2023-07-06 03:21:34', '9'),
(197, '2222925913231', 92, 'OMO SOFTENER', 1, 50.00, 50.00, '2023-07-06 03:23:41', '9'),
(198, '2222472108593', 92, 'Banetti Hazir Noodle', 1, 10.95, 10.95, '2023-07-06 03:23:41', '9'),
(199, '1234', 92, 'So good milk', 1, 20.00, 20.00, '2023-07-06 03:23:41', '9'),
(200, '2222881344444', 93, 'Burger', 6, 10.00, 60.00, '2023-07-06 05:52:30', '1'),
(201, '2222947895764', 93, 'Crisps', 4, 4.95, 19.80, '2023-07-06 05:52:30', '1'),
(202, '2222123200968', 93, 'Monster', 11, 45.00, 495.00, '2023-07-06 05:52:30', '1'),
(203, '2222925913231', 94, 'OMO SOFTENER', 2, 50.00, 100.00, '2023-07-07 04:28:37', '9'),
(204, '2222472108593', 94, 'Banetti Hazir Noodle', 1, 10.95, 10.95, '2023-07-07 04:28:37', '9'),
(205, '2222893703661', 94, 'Fifa', 1, 23.00, 23.00, '2023-07-07 04:28:37', '9'),
(206, '2222135063866', 94, 'Cola Zero in can', 1, 39.00, 39.00, '2023-07-07 04:28:37', '9');

-- --------------------------------------------------------

--
-- Table structure for table `users`
--

CREATE TABLE `users` (
  `id` int(11) NOT NULL,
  `username` varchar(30) NOT NULL,
  `email` varchar(100) NOT NULL,
  `password` varchar(255) NOT NULL,
  `date` datetime NOT NULL,
  `image` varchar(500) DEFAULT NULL,
  `role` varchar(20) NOT NULL,
  `gender` varchar(6) NOT NULL DEFAULT 'male',
  `deletable` tinyint(1) NOT NULL DEFAULT 1
) ENGINE=InnoDB DEFAULT CHARSET=utf8mb4 COLLATE=utf8mb4_general_ci;

--
-- Dumping data for table `users`
--

INSERT INTO `users` (`id`, `username`, `email`, `password`, `date`, `image`, `role`, `gender`, `deletable`) VALUES
(1, 'TUP Admin', 'tup@tup.com', '$2y$10$nah2kwq0IHoepQc/JDV78OgQVfz5fS3X3qZRhqnP5qc7LOYJKS.Yi', '2021-12-28 09:33:15', 'uploads/b9f374a1b62b51b3ded23d37248aa8ab5f9d34fc_3518.png', 'admin', 'male', 0),
(2, 'Keqing', 'keqing@email.com', '$2y$10$kxoJW56qGmYO56EILS8CpeINaR0XP09DroQGpwveniunL6dsdhl6G', '2021-12-28 10:39:58', 'uploads/user/c73cac02fb8be32cd2d07a65c6092db6c04a074e_7337.png', 'cashier', 'female', 1),
(5, 'some user', 'mail@mail.com', '$2y$10$ooQK6400JBosHjglFRfP4uiuj6ZoMgs2aQlU4.vcbDlnXVsmKd/4i', '2022-02-17 19:13:49', NULL, 'user', 'male', 1),
(6, 'jhypsss', 'jhypsss@gmail.com', '$2y$10$B1pjLAulfY8VtxAIR8gJUOjjAjYaVRJbm2N8xSVTQH8DXXmmlLlIO', '2023-07-01 09:30:31', 'uploads/7f4a7b046709ce53086ca3a737267c6823681445_6624.jpg', 'admin', 'male', 0),
(7, 'bocchi', 'bocchi@gmail.com', '$2y$10$0xtkjeNHNxHIDaljIsqF.OKAHEwzDEyfLvUsZLzvM3.B0wdOmF5iu', '2023-07-01 09:31:07', 'uploads/71266d5faa035f21973b3dc9e234bac0cc299bab_8219.jpg', 'supervisor', 'female', 1),
(8, 'Lylle', 'lylle@gmail.com', '$2y$10$PFJWAx70jLZlQBDU8vdLmeXuUWwej/hZdKKWZhKtYS.SpCqujhdP6', '2023-07-02 19:53:31', 'uploads/user/46168ddf4212a9f488b6e226ea8eda9618da3a45_1651.jpg', 'cashier', 'male', 1),
(9, 'Kobe', 'kobe@gmail.com', '$2y$10$Ebbr//0./97Tj9/fk2unAujplitV7VCm7AJYfQkuDv99BBIvLVRuS', '2023-07-02 19:56:28', NULL, 'supervisor', 'male', 1),
(10, 'sam', 'sam@gmail.com', '$2y$10$8Ysz5pGB0j/ngy3VS2qUWufO4kZstqgvZU8gAWQ3IRNMnruqxiRc2', '2023-07-02 19:57:29', NULL, 'user', 'female', 1),
(11, 'Rhayli', 'rhayli@gmail.com', '$2y$10$NsyhkVpAl32bEHVUCw2anuS76RbRPWXCCrRhjbzoea81pKY33Ye1S', '2023-07-02 19:58:44', NULL, 'admin', 'male', 1),
(12, 'Wednesday', 'wednesday@gmail.com', '$2y$10$UtXmSXM03dnnp51mwFGYVuz5F46aeAdTQi3FnUz95iBMxlepbr3Zy', '2023-07-03 12:02:31', 'uploads/188e2135e926173ebb76e6894cce1f51e1b3b42d_2500.jpg', 'supervisor', 'female', 1),
(13, 'Power', 'power@gmail.com', '$2y$10$hB4fuVl9jTWv5vALhbxbwOUGGsalqC/6YphH3H5AdVBi5L85Sf5pu', '2023-07-03 12:09:34', 'uploads/97aa685e4581bf69b223f762454fd338c019f816_9114.jpg', 'cashier', 'female', 1);

--
-- Indexes for dumped tables
--

--
-- Indexes for table `products`
--
ALTER TABLE `products`
  ADD PRIMARY KEY (`id`),
  ADD KEY `barcode` (`barcode`),
  ADD KEY `description` (`description`),
  ADD KEY `qty` (`stock`),
  ADD KEY `user_id` (`user_id`),
  ADD KEY `date` (`date`),
  ADD KEY `views` (`views`);

--
-- Indexes for table `sales`
--
ALTER TABLE `sales`
  ADD PRIMARY KEY (`id`),
  ADD KEY `barcode` (`barcode`),
  ADD KEY `user_id` (`user_id`),
  ADD KEY `date` (`date`),
  ADD KEY `description` (`description`),
  ADD KEY `receipt_no` (`receipt_no`);

--
-- Indexes for table `users`
--
ALTER TABLE `users`
  ADD PRIMARY KEY (`id`),
  ADD KEY `email` (`email`),
  ADD KEY `date` (`date`),
  ADD KEY `role` (`role`);

--
-- AUTO_INCREMENT for dumped tables
--

--
-- AUTO_INCREMENT for table `products`
--
ALTER TABLE `products`
  MODIFY `id` int(11) NOT NULL AUTO_INCREMENT, AUTO_INCREMENT=20;

--
-- AUTO_INCREMENT for table `sales`
--
ALTER TABLE `sales`
  MODIFY `id` int(11) NOT NULL AUTO_INCREMENT, AUTO_INCREMENT=207;

--
-- AUTO_INCREMENT for table `users`
--
ALTER TABLE `users`
  MODIFY `id` int(11) NOT NULL AUTO_INCREMENT, AUTO_INCREMENT=14;
COMMIT;

/*!40101 SET CHARACTER_SET_CLIENT=@OLD_CHARACTER_SET_CLIENT */;
/*!40101 SET CHARACTER_SET_RESULTS=@OLD_CHARACTER_SET_RESULTS */;
/*!40101 SET COLLATION_CONNECTION=@OLD_COLLATION_CONNECTION */;
